"Symbol","Series","Date","Prev Close","Open Price","High Price","Low Price","Last Price","Close Price","Average Price","Total Traded Quantity","Turnover","No. of Trades","Deliverable Qty","% Dly Qt to Traded Qty"
"TCS","EQ","30-Apr-2019","       2238.55","       2238.55","       2266.95","       2230.10","       2256.25","       2260.35","       2252.48","    3488395","          7857544875.95","     135194","    2026970","         58.11"
"TCS","EQ","02-May-2019","       2260.35","       2255.00","       2259.40","       2211.10","       2214.70","       2215.40","       2227.88","    2457699","          5475449034.65","     106215","    1064368","         43.31"
"TCS","EQ","03-May-2019","       2215.40","       2185.00","       2186.05","       2125.00","       2137.00","       2132.00","       2153.00","    3780886","          8140257404.35","     188561","    1641641","         43.42"
"TCS","EQ","06-May-2019","       2132.00","       2110.00","       2165.00","       2108.50","       2155.20","       2157.85","       2150.11","    2891422","          6216881349.35","     109314","    1224571","         42.35"
"TCS","EQ","07-May-2019","       2157.85","       2160.05","       2184.35","       2138.80","       2154.00","       2151.95","       2163.53","    2201698","          4763441089.75","      86096","     975603","         44.31"
"TCS","EQ","08-May-2019","       2151.95","       2151.00","       2168.00","       2130.40","       2156.00","       2152.85","       2151.85","    1824895","          3926902424.60","      77713","     781526","         42.83"
"TCS","EQ","09-May-2019","       2152.85","       2145.00","       2184.10","       2136.10","       2171.20","       2172.55","       2166.98","    2264162","          4906404979.40","     106297","    1251459","         55.27"
"TCS","EQ","10-May-2019","       2172.55","       2175.00","       2192.00","       2125.85","       2130.25","       2135.80","       2161.83","    2039633","          4409349005.65","      85446","     873181","         42.81"
"TCS","EQ","13-May-2019","       2135.80","       2133.00","       2167.00","       2121.65","       2134.00","       2128.75","       2143.87","    1701744","          3648325263.15","      74014","     677242","         39.80"
"TCS","EQ","14-May-2019","       2128.75","       2135.00","       2159.80","       2072.35","       2095.80","       2092.35","       2101.14","    2456110","          5160632655.80","     118567","     926566","         37.72"
"TCS","EQ","15-May-2019","       2092.35","       2097.00","       2124.00","       2084.50","       2095.00","       2095.40","       2103.66","    2346876","          4937022681.65","     119315","    1108059","         47.21"
"TCS","EQ","16-May-2019","       2095.40","       2096.00","       2124.00","       2077.05","       2111.50","       2108.75","       2107.55","    1946529","          4102397614.20","     118994","     916519","         47.08"
"TCS","EQ","17-May-2019","       2108.75","       2112.60","       2135.00","       2090.00","       2094.00","       2095.45","       2107.34","    1947908","          4104894878.95","      85798","     891442","         45.76"
"TCS","EQ","20-May-2019","       2095.45","       2125.00","       2151.40","       2050.00","       2148.00","       2143.95","       2119.50","    2625116","          5563937035.60","     112038","    1154403","         43.98"
"TCS","EQ","21-May-2019","       2143.95","       2148.05","       2148.70","       2102.55","       2106.20","       2109.75","       2122.37","    1863157","          3954316658.75","     100432","    1042172","         55.94"
"TCS","EQ","22-May-2019","       2109.75","       2110.00","       2121.95","       2075.00","       2090.00","       2081.75","       2091.31","    2595795","          5428609876.35","     154844","    1410070","         54.32"
"TCS","EQ","23-May-2019","       2081.75","       2098.00","       2115.35","       2050.00","       2057.00","       2054.05","       2071.74","    2541294","          5264898713.65","     122224","    1169296","         46.01"
"TCS","EQ","24-May-2019","       2054.05","       2070.00","       2070.00","       2032.25","       2050.00","       2048.00","       2051.14","    2274208","          4664725693.15","     114179","    1255954","         55.23"
"TCS","EQ","27-May-2019","       2048.00","       2054.80","       2068.95","       2040.10","       2058.00","       2055.15","       2054.87","    2329820","          4787473257.70","      85924","    1377094","         59.11"
"TCS","EQ","28-May-2019","       2055.15","       2060.00","       2097.50","       2045.00","       2068.00","       2073.75","       2076.46","    5872979","         12194983826.60","     205972","    4034671","         68.70"
"TCS","EQ","29-May-2019","       2073.75","       2080.00","       2123.70","       2077.10","       2114.20","       2107.55","       2109.46","    3281320","          6921811131.40","     177202","    1508313","         45.97"
"TCS","EQ","30-May-2019","       2107.55","       2123.00","       2156.55","       2114.40","       2146.30","       2146.30","       2142.62","    4971725","         10652535237.95","     150672","    2210404","         44.46"
"TCS","EQ","31-May-2019","       2146.30","       2160.00","       2204.95","       2152.25","       2200.00","       2196.55","       2184.11","    4265370","          9316057231.95","     161842","    2338193","         54.82"
"TCS","EQ","03-Jun-2019","       2196.55","       2201.00","       2247.65","       2185.65","       2240.10","       2242.30","       2223.68","    3682419","          8188536868.55","     138425","    1964140","         53.34"
"TCS","EQ","04-Jun-2019","       2242.30","       2224.00","       2224.00","       2175.00","       2188.00","       2183.10","       2195.01","    2408658","          5287022188.05","      98393","     973876","         40.43"
"TCS","EQ","06-Jun-2019","       2183.10","       2199.00","       2199.00","       2152.00","       2166.00","       2166.10","       2169.63","    3735467","          8104595594.60","     116134","    2225149","         59.57"
"TCS","EQ","07-Jun-2019","       2166.10","       2174.00","       2189.80","       2142.10","       2179.80","       2181.75","       2161.21","    2659446","          5747611166.65","      79783","     886597","         33.34"
"TCS","EQ","10-Jun-2019","       2181.75","       2196.70","       2235.85","       2185.50","       2229.10","       2231.50","       2219.98","    2080593","          4618876309.55","     106316","     814523","         39.15"
"TCS","EQ","11-Jun-2019","       2231.50","       2237.00","       2263.95","       2231.00","       2252.00","       2252.80","       2250.89","    3048937","          6862835495.20","     148188","    1367975","         44.87"
"TCS","EQ","12-Jun-2019","       2252.80","       2245.00","       2266.90","       2219.00","       2264.00","       2260.90","       2241.29","    2404448","          5389074309.45","     141774","    1036077","         43.09"
"TCS","EQ","13-Jun-2019","       2260.90","       2264.00","       2285.00","       2243.05","       2244.00","       2254.10","       2265.77","    3320916","          7524421055.85","     138967","    1358755","         40.92"
"TCS","EQ","14-Jun-2019","       2254.10","       2257.25","       2263.10","       2234.00","       2249.80","       2254.50","       2250.08","    2131408","          4795830703.85","     130534","     947049","         44.43"
"TCS","EQ","17-Jun-2019","       2254.50","       2256.00","       2262.00","       2241.45","       2244.00","       2249.20","       2252.43","    1489497","          3354989738.70","      82160","     649266","         40.43"
"TCS","EQ","18-Jun-2019","       2249.20","       2244.00","       2260.00","       2231.20","       2253.50","       2250.85","       2245.75","    1877447","          4216271605.10","     148431","     959921","         49.34"
"TCS","EQ","19-Jun-2019","       2250.85","       2255.00","       2276.00","       2243.15","       2261.20","       2259.90","       2262.19","    1652817","          3738994073.20","      88350","     715271","         43.28"
"TCS","EQ","20-Jun-2019","       2259.90","       2230.00","       2284.00","       2212.00","       2283.30","       2277.95","       2248.36","    2199377","          4944988185.45","     123696","     870081","         39.56"
"TCS","EQ","21-Jun-2019","       2277.95","       2285.00","       2292.50","       2242.00","       2252.05","       2249.85","       2255.87","    3871804","          8734275728.80","     141057","    2767225","         71.47"
"TCS","EQ","24-Jun-2019","       2249.85","       2254.15","       2280.00","       2250.80","       2277.00","       2275.50","       2267.80","    1382424","          3135065458.90","      78153","     528471","         38.23"
"TCS","EQ","25-Jun-2019","       2275.50","       2270.00","       2274.45","       2250.50","       2263.00","       2267.80","       2264.08","    1386077","          3138189676.80","      99699","     598681","         43.19"
"TCS","EQ","26-Jun-2019","       2267.80","       2265.00","       2266.80","       2250.00","       2253.05","       2254.20","       2259.22","    1762224","          3981246151.75","      94030","     931941","         52.88"
"TCS","EQ","27-Jun-2019","       2254.20","       2255.00","       2264.00","       2241.30","       2261.50","       2252.55","       2254.50","    2813464","          6342943270.40","     138850","    1814968","         64.51"
"TCS","EQ","28-Jun-2019","       2252.55","       2260.00","       2261.95","       2222.50","       2228.00","       2227.20","       2234.73","    2372928","          5302849982.90","     115508","    1468460","         61.88"
"TCS","EQ","01-Jul-2019","       2227.20","       2235.00","       2255.00","       2206.60","       2233.05","       2239.55","       2237.15","    2769940","          6196758934.65","     129268","    1579799","         57.03"
"TCS","EQ","02-Jul-2019","       2239.55","       2244.90","       2257.00","       2216.45","       2254.30","       2252.10","       2237.79","    1771746","          3964796610.80","      97184","     816451","         46.08"
"TCS","EQ","03-Jul-2019","       2252.10","       2252.20","       2258.80","       2232.00","       2234.00","       2237.65","       2242.16","    1656881","          3714996570.45","      87941","     739089","         44.61"
"TCS","EQ","04-Jul-2019","       2237.65","       2234.00","       2252.00","       2230.10","       2241.00","       2242.65","       2241.04","     984140","          2205501632.25","      59990","     352899","         35.86"
"TCS","EQ","05-Jul-2019","       2242.65","       2247.00","       2250.00","       2140.00","       2166.85","       2163.10","       2179.39","    4088470","          8910374711.95","     160276","    1736073","         42.46"
"TCS","EQ","08-Jul-2019","       2163.10","       2149.00","       2188.80","       2132.10","       2171.10","       2175.40","       2168.49","    2788062","          6045877428.40","     109097","    1186748","         42.57"
"TCS","EQ","09-Jul-2019","       2175.40","       2174.00","       2174.40","       2104.55","       2120.00","       2133.35","       2128.96","    3977224","          8467341968.35","     191613","    1817164","         45.69"
"TCS","EQ","10-Jul-2019","       2133.35","       2080.00","       2127.85","       2071.30","       2105.30","       2108.20","       2102.52","    6343581","         13337498420.65","     223857","    1665050","         26.25"
"TCS","EQ","11-Jul-2019","       2108.20","       2128.00","       2129.00","       2086.05","       2101.95","       2102.55","       2103.20","    2400346","          5048402094.65","     164280","     967380","         40.30"
"TCS","EQ","12-Jul-2019","       2102.55","       2102.10","       2119.75","       2093.10","       2108.00","       2107.60","       2108.31","    1560725","          3290489158.95","      94025","     759972","         48.69"
"TCS","EQ","15-Jul-2019","       2107.60","       2125.00","       2153.60","       2098.00","       2135.50","       2145.70","       2126.77","    2900415","          6168520111.70","     158215","    1436299","         49.52"
"TCS","EQ","16-Jul-2019","       2145.70","       2126.00","       2132.50","       2100.00","       2105.00","       2106.00","       2108.89","    2735399","          5768652609.95","     182859","    1518786","         55.52"
"TCS","EQ","17-Jul-2019","       2106.00","       2108.00","       2125.00","       2092.10","       2111.80","       2117.25","       2111.55","    1802969","          3807055296.55","     108297","     639367","         35.46"
"TCS","EQ","18-Jul-2019","       2117.25","       2116.20","       2116.20","       2060.00","       2075.55","       2065.95","       2084.29","    3072096","          6403142579.50","     167750","    1936907","         63.05"
"TCS","EQ","19-Jul-2019","       2065.95","       2077.00","       2097.00","       2062.50","       2079.90","       2076.95","       2080.79","    1953177","          4064152463.10","     108418","     856415","         43.85"
"TCS","EQ","22-Jul-2019","       2076.95","       2077.00","       2117.45","       2068.80","       2107.15","       2109.90","       2099.33","    1920167","          4031065399.20","     113048","     889344","         46.32"
"TCS","EQ","23-Jul-2019","       2109.90","       2127.90","       2130.00","       2102.40","       2119.95","       2112.45","       2120.71","    3538588","          7504314835.45","     117545","    2468145","         69.75"
"TCS","EQ","24-Jul-2019","       2112.45","       2110.00","       2120.80","       2076.50","       2097.55","       2096.80","       2097.50","    2413196","          5061674805.90","     112922","    1199779","         49.72"
"TCS","EQ","25-Jul-2019","       2096.80","       2108.90","       2135.00","       2092.55","       2128.25","       2127.90","       2118.42","    2544464","          5390236891.20","     119553","    1320598","         51.90"
"TCS","EQ","26-Jul-2019","       2127.90","       2129.80","       2129.80","       2095.00","       2112.65","       2109.05","       2109.59","    1720592","          3629738982.00","      88967","    1052092","         61.15"
"TCS","EQ","29-Jul-2019","       2109.05","       2110.80","       2142.00","       2103.30","       2125.10","       2130.00","       2123.42","    1647090","          3497461296.40","      95152","     670671","         40.72"
"TCS","EQ","30-Jul-2019","       2130.00","       2130.00","       2185.00","       2120.45","       2176.30","       2179.15","       2162.72","    2851672","          6167374325.65","     151588","    1640143","         57.52"
"TCS","EQ","31-Jul-2019","       2179.15","       2171.75","       2211.70","       2147.15","       2201.00","       2205.70","       2180.17","    3000677","          6541994700.30","     132679","    1406687","         46.88"
"TCS","EQ","01-Aug-2019","       2205.70","       2200.00","       2217.50","       2166.25","       2178.30","       2180.05","       2195.10","    2375236","          5213870562.90","     175166","    1115202","         46.95"
"TCS","EQ","02-Aug-2019","       2180.05","       2173.00","       2210.00","       2165.50","       2205.00","       2205.30","       2185.91","    2500816","          5466555711.85","     154834","    1184875","         47.38"
"TCS","EQ","05-Aug-2019","       2205.30","       2199.90","       2252.25","       2195.60","       2240.00","       2248.60","       2241.19","    3039682","          6812507105.50","     149146","    1648531","         54.23"
"TCS","EQ","06-Aug-2019","       2248.60","       2232.80","       2251.95","       2211.45","       2213.75","       2214.90","       2232.27","    2885467","          6441130302.75","     181107","    1254987","         43.49"
"TCS","EQ","07-Aug-2019","       2214.90","       2230.00","       2238.50","       2207.25","       2218.90","       2213.45","       2223.14","    2165362","          4813906242.55","     141079","    1149124","         53.07"
"TCS","EQ","08-Aug-2019","       2213.45","       2228.90","       2281.00","       2218.90","       2253.80","       2258.10","       2247.44","    2073298","          4659603954.15","     139214","     942856","         45.48"
"TCS","EQ","09-Aug-2019","       2258.10","       2260.00","       2267.90","       2241.35","       2245.00","       2246.25","       2253.09","    1744550","          3930622404.15","     119969","     708230","         40.60"
"TCS","EQ","13-Aug-2019","       2246.25","       2245.00","       2246.25","       2194.30","       2200.00","       2199.45","       2219.61","    1647281","          3656315691.30","     157195","     893401","         54.23"
"TCS","EQ","14-Aug-2019","       2199.45","       2181.10","       2217.85","       2167.40","       2205.30","       2204.40","       2200.61","    1945002","          4280198913.25","     122192","     969990","         49.87"
"TCS","EQ","16-Aug-2019","       2204.40","       2241.40","       2241.40","       2143.25","       2162.00","       2165.10","       2173.77","    3755507","          8163597623.60","     191781","    2121016","         56.48"
"TCS","EQ","19-Aug-2019","       2165.10","       2180.00","       2186.00","       2157.70","       2166.00","       2163.00","       2171.81","     974884","          2117265896.90","      80584","     358199","         36.74"
"TCS","EQ","20-Aug-2019","       2163.00","       2172.00","       2205.00","       2166.50","       2190.00","       2186.75","       2190.28","    1843611","          4038017157.25","     104689","     608831","         33.02"
"TCS","EQ","21-Aug-2019","       2186.75","       2184.95","       2202.00","       2182.25","       2183.00","       2186.20","       2193.43","    1214408","          2663722477.85","      75613","     523155","         43.08"
"TCS","EQ","22-Aug-2019","       2186.20","       2187.00","       2235.65","       2170.00","       2210.00","       2216.00","       2213.54","    2131601","          4718387345.95","     106338","     923535","         43.33"
"TCS","EQ","23-Aug-2019","       2216.00","       2214.95","       2259.90","       2213.90","       2250.00","       2247.70","       2244.15","    2826425","          6342931919.75","     142446","    1480086","         52.37"
"TCS","EQ","26-Aug-2019","       2247.70","       2247.00","       2282.00","       2225.00","       2267.00","       2276.30","       2259.83","    2345475","          5300365694.55","     113243","    1140315","         48.62"
"TCS","EQ","27-Aug-2019","       2276.30","       2270.00","       2274.85","       2229.00","       2241.50","       2236.50","       2241.51","    3432106","          7693101227.40","     182084","    2396488","         69.83"
"TCS","EQ","28-Aug-2019","       2236.50","       2240.00","       2252.15","       2216.00","       2238.35","       2239.25","       2233.18","    1294621","          2891125233.10","      91252","     538431","         41.59"
"TCS","EQ","29-Aug-2019","       2239.25","       2222.20","       2248.20","       2222.20","       2232.00","       2233.45","       2235.21","    1670652","          3734260243.55","      98341","     761633","         45.59"
"TCS","EQ","30-Aug-2019","       2233.45","       2241.00","       2266.00","       2218.00","       2259.00","       2259.60","       2241.92","    2583625","          5792267670.05","     117933","    1472256","         56.98"
"TCS","EQ","03-Sep-2019","       2259.60","       2270.00","       2296.20","       2236.95","       2246.00","       2251.60","       2275.88","    2545060","          5792249619.30","     131301","    1257157","         49.40"
"TCS","EQ","04-Sep-2019","       2251.60","       2265.00","       2270.00","       2233.00","       2245.20","       2245.40","       2248.41","    2228092","          5009661776.30","     128138","    1359618","         61.02"
"TCS","EQ","05-Sep-2019","       2245.40","       2242.20","       2253.65","       2207.30","       2215.95","       2215.30","       2225.26","    2055943","          4575003143.35","     133165","    1200345","         58.38"
"TCS","EQ","06-Sep-2019","       2215.30","       2216.00","       2233.50","       2192.60","       2198.00","       2197.50","       2204.18","    1890550","          4167105292.20","     118713","     853437","         45.14"
"TCS","EQ","09-Sep-2019","       2197.50","       2200.00","       2202.85","       2179.80","       2185.00","       2182.85","       2188.09","    1703945","          3728385318.55","     121273","     677662","         39.77"
"TCS","EQ","11-Sep-2019","       2182.85","       2186.00","       2195.00","       2146.55","       2151.60","       2154.00","       2162.64","    2627440","          5682202898.00","     199136","    1433413","         54.56"
"TCS","EQ","12-Sep-2019","       2154.00","       2155.00","       2165.00","       2120.35","       2134.60","       2133.60","       2135.46","    2118859","          4524743294.65","     138766","    1080259","         50.98"
"TCS","EQ","13-Sep-2019","       2133.60","       2135.00","       2157.95","       2115.55","       2143.00","       2141.95","       2135.83","    2291174","          4893564411.70","     138321","     873724","         38.13"
"TCS","EQ","16-Sep-2019","       2141.95","       2159.95","       2173.40","       2126.40","       2150.00","       2150.00","       2151.17","    2597948","          5588631429.95","     151943","    1165596","         44.87"
"TCS","EQ","17-Sep-2019","       2150.00","       2154.95","       2156.55","       2105.60","       2126.40","       2122.65","       2123.78","    2796530","          5939218333.70","     121706","    1594628","         57.02"
"TCS","EQ","18-Sep-2019","       2122.65","       2126.40","       2142.95","       2113.15","       2141.15","       2138.55","       2133.02","    1454663","          3102820740.35","      94064","     674870","         46.39"
"TCS","EQ","19-Sep-2019","       2138.55","       2135.00","       2135.80","       2091.00","       2096.90","       2101.95","       2103.74","    1652691","          3476827643.50","     101537","     791932","         47.92"
"TCS","EQ","20-Sep-2019","       2101.95","       2104.90","       2129.40","       2057.00","       2069.00","       2065.45","       2083.70","    6941979","         14464976393.50","     275363","    4570451","         65.84"
"TCS","EQ","23-Sep-2019","       2065.45","       2099.00","       2099.00","       1975.00","       2020.00","       2015.80","       2011.62","    6323401","         12720249671.40","     293188","    3672464","         58.08"
"TCS","EQ","24-Sep-2019","       2015.80","       2015.00","       2061.00","       2013.00","       2047.30","       2044.70","       2045.07","    4620978","          9450241270.55","     219776","    2506661","         54.25"
"TCS","EQ","25-Sep-2019","       2044.70","       2065.00","       2092.00","       2060.05","       2084.00","       2088.45","       2077.98","    4002232","          8316551653.85","     205505","    2508929","         62.69"
"TCS","EQ","26-Sep-2019","       2088.45","       2097.90","       2107.00","       2063.00","       2089.60","       2087.60","       2084.45","    4234281","          8826127623.55","     216311","    2698499","         63.73"
"TCS","EQ","27-Sep-2019","       2087.60","       2085.00","       2085.20","       2051.40","       2059.00","       2056.15","       2065.56","    2046795","          4227783647.60","     125241","    1044628","         51.04"
"TCS","EQ","30-Sep-2019","       2056.15","       2061.85","       2104.00","       2060.00","       2097.00","       2099.30","       2090.07","    2620039","          5476076783.10","     124092","    1414661","         53.99"
"TCS","EQ","01-Oct-2019","       2099.30","       2095.95","       2095.95","       2039.70","       2060.30","       2059.95","       2059.04","    3342877","          6883109000.95","     170294","    2098408","         62.77"
"TCS","EQ","03-Oct-2019","       2059.95","       2070.00","       2081.15","       2046.15","       2056.00","       2060.25","       2065.47","    2317618","          4786975229.10","     187925","    1389047","         59.93"
"TCS","EQ","04-Oct-2019","       2060.25","       2060.60","       2087.95","       2054.95","       2078.00","       2079.35","       2079.28","    2163251","          4498010283.10","     128092","    1442042","         66.66"
"TCS","EQ","07-Oct-2019","       2079.35","       2080.00","       2094.50","       2041.00","       2046.00","       2047.70","       2062.27","    2177916","          4491446312.95","      98775","    1162115","         53.36"
"TCS","EQ","09-Oct-2019","       2047.70","       2060.00","       2060.00","       2015.50","       2021.90","       2020.10","       2026.43","    2066920","          4188460128.45","     107493","     984558","         47.63"
"TCS","EQ","10-Oct-2019","       2020.10","       2028.00","       2039.05","       1997.10","       2002.80","       2004.45","       2015.15","    2881452","          5806566989.40","     125920","     959388","         33.30"
"TCS","EQ","11-Oct-2019","       2004.45","       1931.00","       1995.00","       1925.00","       1989.00","       1986.85","       1958.07","   12593069","         24658143172.35","     327238","    6323332","         50.21"
"TCS","EQ","14-Oct-2019","       1986.85","       1995.00","       2032.75","       1968.00","       2021.00","       2021.00","       2009.80","    3510704","          7055809113.55","     154256","    1642252","         46.78"
"TCS","EQ","15-Oct-2019","       2021.00","       2032.00","       2047.00","       2022.70","       2037.80","       2037.30","       2039.28","    2261310","          4611451969.50","     147982","    1390076","         61.47"
"TCS","EQ","16-Oct-2019","       2037.30","       2038.00","       2056.00","       2016.00","       2055.00","       2046.40","       2032.41","    3034082","          6166492279.65","     160140","    1792942","         59.09"
"TCS","EQ","17-Oct-2019","       2046.40","       2014.00","       2038.00","       1999.30","       2029.00","       2030.95","       2018.47","    3818774","          7708077723.55","     189836","    2333221","         61.10"
"TCS","EQ","18-Oct-2019","       2030.95","       2037.50","       2063.90","       2025.00","       2059.00","       2057.35","       2046.03","    3087901","          6317936211.05","     115810","    1979438","         64.10"
"TCS","EQ","22-Oct-2019","       2057.35","       2080.00","       2111.50","       2040.05","       2050.00","       2051.40","       2067.79","    5552505","         11481414801.70","     236213","    3583843","         64.54"
"TCS","EQ","23-Oct-2019","       2051.40","       2060.00","       2083.85","       2052.50","       2082.00","       2070.10","       2068.82","    2348134","          4857858827.90","     204587","    1352785","         57.61"
"TCS","EQ","24-Oct-2019","       2070.10","       2084.00","       2099.00","       2061.30","       2079.75","       2082.00","       2077.28","    2798671","          5813617173.45","     156073","    1754891","         62.70"
"TCS","EQ","25-Oct-2019","       2082.00","       2094.00","       2130.00","       2075.05","       2121.60","       2124.95","       2102.55","    3954245","          8313995116.15","     165203","    2535407","         64.12"
"TCS","EQ","27-Oct-2019","       2124.95","       2129.00","       2129.00","       2108.80","       2117.65","       2115.70","       2117.14","     224421","           475130157.20","      13145","      76692","         34.17"
"TCS","EQ","29-Oct-2019","       2115.70","       2121.50","       2201.70","       2121.50","       2197.50","       2194.85","       2173.21","    5064173","         11005521982.35","     261926","    3658144","         72.24"
"TCS","EQ","30-Oct-2019","       2194.85","       2225.00","       2260.00","       2176.85","       2258.00","       2252.80","       2229.89","    5195136","         11584598863.45","     180430","    3259740","         62.75"
"TCS","EQ","31-Oct-2019","       2252.80","       2250.00","       2284.95","       2237.00","       2274.55","       2269.65","       2267.61","    4879261","         11064284038.10","     170321","    2815579","         57.71"
"TCS","EQ","01-Nov-2019","       2269.65","       2264.00","       2275.00","       2195.00","       2207.00","       2200.90","       2218.97","    4172620","          9258915613.60","     189932","    2399676","         57.51"
"TCS","EQ","04-Nov-2019","       2200.90","       2207.00","       2229.20","       2180.90","       2194.10","       2193.95","       2197.42","    2646411","          5815285936.90","     111662","    1206343","         45.58"
"TCS","EQ","05-Nov-2019","       2193.95","       2197.00","       2211.00","       2169.00","       2198.00","       2201.85","       2187.98","    2693475","          5893271236.75","     136536","    1572121","         58.37"
"TCS","EQ","06-Nov-2019","       2201.85","       2200.00","       2210.80","       2179.00","       2190.80","       2188.50","       2191.37","    2540719","          5567664863.10","     112401","    1426496","         56.15"
"TCS","EQ","07-Nov-2019","       2188.50","       2204.50","       2204.50","       2175.20","       2185.00","       2185.35","       2186.08","    1915598","          4187659921.35","      97328","    1082863","         56.53"
"TCS","EQ","08-Nov-2019","       2185.35","       2189.60","       2189.60","       2124.00","       2130.00","       2129.95","       2149.77","    2788759","          5995204048.10","     110953","    1620822","         58.12"
"TCS","EQ","11-Nov-2019","       2129.95","       2135.00","       2139.00","       2091.00","       2100.90","       2100.95","       2105.79","    2983768","          6283193792.10","     159080","    1728479","         57.93"
"TCS","EQ","13-Nov-2019","       2100.95","       2118.00","       2183.80","       2118.00","       2179.00","       2178.60","       2161.51","    3823365","          8264231079.60","     160217","    1769830","         46.29"
"TCS","EQ","14-Nov-2019","       2178.60","       2187.50","       2200.00","       2146.70","       2190.00","       2196.80","       2183.42","    2995915","          6541336935.45","     104976","    1188996","         39.69"
"TCS","EQ","15-Nov-2019","       2196.80","       2196.00","       2211.50","       2168.75","       2174.45","       2174.45","       2191.82","    2724180","          5970921736.15","      95061","    1528537","         56.11"
"TCS","EQ","18-Nov-2019","       2174.45","       2178.40","       2187.75","       2148.75","       2151.00","       2152.60","       2159.10","    1611089","          3478507912.80","      66947","     935177","         58.05"
"TCS","EQ","19-Nov-2019","       2152.60","       2153.00","       2154.65","       2105.00","       2110.00","       2108.80","       2116.98","    2975313","          6298664073.25","     119968","    1817909","         61.10"
"TCS","EQ","20-Nov-2019","       2108.80","       2121.95","       2135.00","       2094.50","       2108.15","       2108.55","       2112.62","    2894129","          6114194013.70","     119231","    1321728","         45.67"
"TCS","EQ","21-Nov-2019","       2108.55","       2112.00","       2126.60","       2107.40","       2117.40","       2118.10","       2120.22","    2052574","          4351898935.60","      90452","    1219100","         59.39"
"TCS","EQ","22-Nov-2019","       2118.10","       2097.00","       2107.00","       2060.50","       2067.10","       2071.70","       2079.37","    3742049","          7781117093.20","     137777","    2162742","         57.80"
"TCS","EQ","25-Nov-2019","       2071.70","       2074.55","       2084.95","       2052.20","       2083.50","       2081.50","       2075.63","    2737010","          5681024553.60","     118827","    1562308","         57.08"
"TCS","EQ","26-Nov-2019","       2081.50","       2089.85","       2097.90","       2035.05","       2046.65","       2046.65","       2056.29","    6561580","         13492522424.85","     164453","    4970094","         75.75"
"TCS","EQ","27-Nov-2019","       2046.65","       2052.00","       2071.70","       2046.55","       2055.00","       2054.30","       2060.49","    2907521","          5990929718.65","     108988","    2020463","         69.49"
"TCS","EQ","28-Nov-2019","       2054.30","       2067.05","       2094.40","       2060.00","       2075.90","       2077.35","       2081.33","    2924429","          6086706922.95","     142488","    1651510","         56.47"
"TCS","EQ","29-Nov-2019","       2077.35","       2085.00","       2085.00","       2045.80","       2051.65","       2053.25","       2055.87","    2064271","          4243879652.00","     105237","    1200921","         58.18"
"TCS","EQ","02-Dec-2019","       2053.25","       2060.00","       2067.70","       2016.00","       2021.00","       2021.05","       2030.47","    3809860","          7735797778.70","     159643","    2540551","         66.68"
"TCS","EQ","03-Dec-2019","       2021.05","       2027.70","       2062.00","       2010.00","       2052.95","       2051.00","       2044.01","    4664774","          9534847755.00","     142334","    2674853","         57.34"
"TCS","EQ","04-Dec-2019","       2051.00","       2053.00","       2082.00","       2045.50","       2077.00","       2078.50","       2067.16","    3334301","          6892536517.65","     108026","    2056925","         61.69"
"TCS","EQ","05-Dec-2019","       2078.50","       2083.00","       2126.80","       2068.35","       2120.20","       2121.30","       2107.54","    3902721","          8225150032.20","     168163","    2093683","         53.65"
"TCS","EQ","06-Dec-2019","       2121.30","       2124.00","       2128.00","       2101.00","       2123.65","       2123.60","       2116.56","    1829461","          3872156015.05","      71365","     815426","         44.57"
"TCS","EQ","09-Dec-2019","       2123.60","       2127.95","       2127.95","       2053.50","       2060.00","       2060.45","       2079.93","    2244747","          4668909748.75","     100785","    1047181","         46.65"
"TCS","EQ","10-Dec-2019","       2060.45","       2060.00","       2060.85","       2003.25","       2016.25","       2012.85","       2020.99","    4520045","          9134965070.30","     174993","    2272296","         50.27"
"TCS","EQ","11-Dec-2019","       2012.85","       2025.40","       2048.00","       2006.75","       2040.00","       2041.90","       2032.84","    4943024","         10048363660.60","     165464","    3004311","         60.78"
"TCS","EQ","12-Dec-2019","       2041.90","       2051.10","       2083.65","       1984.00","       2003.00","       2020.90","       2039.92","    7137306","         14559533846.75","     146550","    4452408","         62.38"
"TCS","EQ","13-Dec-2019","       2020.90","       2023.00","       2077.40","       2007.00","       2070.00","       2071.25","       2050.09","    5711133","         11708334592.10","     173478","    2245573","         39.32"
"TCS","EQ","16-Dec-2019","       2071.25","       2096.00","       2136.00","       2080.30","       2130.00","       2126.75","       2116.76","    5574177","         11799218410.35","     172181","    2852266","         51.17"
"TCS","EQ","17-Dec-2019","       2126.75","       2126.50","       2169.00","       2119.00","       2168.70","       2164.95","       2154.70","    6059673","         13056790687.25","     217425","    3457795","         57.06"
"TCS","EQ","18-Dec-2019","       2164.95","       2174.00","       2203.45","       2153.00","       2166.80","       2167.75","       2182.48","    8251081","         18007821655.85","     198563","    4520690","         54.79"
"TCS","EQ","19-Dec-2019","       2167.75","       2179.80","       2236.50","       2167.55","       2231.70","       2229.05","       2202.61","    6251505","         13769608434.50","     181580","    2570929","         41.12"
"TCS","EQ","20-Dec-2019","       2229.05","       2220.00","       2246.70","       2208.25","       2219.00","       2222.90","       2225.89","    5548338","         12349976608.60","     158986","    2675704","         48.23"
"TCS","EQ","23-Dec-2019","       2222.90","       2210.00","       2241.95","       2210.00","       2236.00","       2231.70","       2229.75","    2247329","          5010982045.90","     113685","    1168998","         52.02"
"TCS","EQ","24-Dec-2019","       2231.70","       2239.00","       2243.55","       2211.15","       2216.00","       2215.60","       2223.00","    1805896","          4014504828.20","     100655","     892665","         49.43"
"TCS","EQ","26-Dec-2019","       2215.60","       2216.40","       2229.00","       2195.20","       2202.00","       2201.95","       2207.75","    1880367","          4151371219.35","      89812","     832102","         44.25"
"TCS","EQ","27-Dec-2019","       2201.95","       2208.00","       2226.40","       2176.00","       2209.90","       2198.50","       2192.11","    2720261","          5963118728.70","      93892","    1285882","         47.27"
"TCS","EQ","30-Dec-2019","       2198.50","       2207.00","       2225.00","       2177.10","       2183.35","       2183.20","       2194.63","    2288830","          5023140879.40","      84027","     935920","         40.89"
"TCS","EQ","31-Dec-2019","       2183.20","       2189.00","       2197.00","       2157.45","       2165.00","       2161.70","       2171.67","    1909289","          4146354804.75","      69597","     837101","         43.84"
"TCS","EQ","01-Jan-2020","       2161.70","       2168.00","       2183.90","       2154.00","       2170.00","       2167.60","       2170.54","    1354908","          2940882381.95","      44438","     164490","         12.14"
"TCS","EQ","02-Jan-2020","       2167.60","       2179.95","       2179.95","       2149.20","       2157.00","       2157.65","       2158.63","    2380752","          5139156143.05","      99242","    1204079","         50.58"
"TCS","EQ","03-Jan-2020","       2157.65","       2164.00","       2223.00","       2164.00","       2201.00","       2200.65","       2199.26","    4655761","         10239206390.20","     123516","    1833823","         39.39"
"TCS","EQ","06-Jan-2020","       2200.65","       2205.00","       2225.95","       2187.90","       2201.35","       2200.45","       2204.89","    3023209","          6665855309.10","     135360","    1000021","         33.08"
"TCS","EQ","07-Jan-2020","       2200.45","       2200.50","       2214.65","       2183.80","       2205.00","       2205.85","       2203.53","    2429317","          5353063591.10","      95018","     966753","         39.80"
"TCS","EQ","08-Jan-2020","       2205.85","       2205.00","       2260.00","       2202.05","       2253.35","       2255.25","       2240.22","    5197454","         11643424341.40","     172815","    2288411","         44.03"
"TCS","EQ","09-Jan-2020","       2255.25","       2248.75","       2251.95","       2210.00","       2220.00","       2214.35","       2223.77","    3734173","          8303924064.05","     134309","    1805834","         48.36"
"TCS","EQ","10-Jan-2020","       2214.35","       2228.00","       2234.00","       2208.00","       2213.00","       2213.55","       2219.51","    1915807","          4252150307.25","     102938","     767417","         40.06"
"TCS","EQ","13-Jan-2020","       2213.55","       2217.85","       2218.95","       2184.70","       2193.00","       2190.35","       2197.65","    2843893","          6249872578.10","     113645","    1486327","         52.26"
"TCS","EQ","14-Jan-2020","       2190.35","       2195.00","       2229.80","       2195.00","       2210.00","       2206.90","       2212.56","    2948452","          6523621598.30","     132106","    1276382","         43.29"
"TCS","EQ","15-Jan-2020","       2206.90","       2213.00","       2231.00","       2194.20","       2225.05","       2226.90","       2212.65","    2620681","          5798644641.70","     114594","    1513859","         57.77"
"TCS","EQ","16-Jan-2020","       2226.90","       2226.95","       2249.00","       2215.00","       2240.00","       2238.80","       2235.81","    3117214","          6969483359.10","     113056","    1736185","         55.70"
"TCS","EQ","17-Jan-2020","       2238.80","       2240.75","       2253.55","       2213.00","       2220.00","       2219.10","       2232.37","    3281059","          7324550065.20","     123528","    1603410","         48.87"
"TCS","EQ","20-Jan-2020","       2219.10","       2194.90","       2242.20","       2156.20","       2174.00","       2170.35","       2182.48","    5817599","         12696797976.85","     216725","    2321286","         39.90"
"TCS","EQ","21-Jan-2020","       2170.35","       2169.95","       2186.55","       2158.05","       2172.35","       2171.05","       2170.95","    1902980","          4131268511.60","     115866","     865491","         45.48"
"TCS","EQ","22-Jan-2020","       2171.05","       2181.00","       2210.00","       2173.70","       2209.80","       2206.90","       2198.89","    1773686","          3900137863.20","     109240","     782190","         44.10"
"TCS","EQ","23-Jan-2020","       2206.90","       2209.80","       2217.75","       2183.70","       2188.00","       2190.95","       2200.81","    2069866","          4555383340.35","     110107","    1214278","         58.66"
"TCS","EQ","24-Jan-2020","       2190.95","       2190.95","       2190.95","       2170.00","       2185.00","       2183.40","       2179.72","    1319430","          2875988028.70","      55949","     607438","         46.04"
"TCS","EQ","27-Jan-2020","       2183.40","       2189.70","       2193.45","       2165.00","       2168.30","       2169.25","       2172.99","    1549101","          3366187862.30","      62160","     771303","         49.79"
"TCS","EQ","28-Jan-2020","       2169.25","       2174.00","       2187.80","       2152.00","       2183.80","       2183.75","       2169.48","    1743024","          3781454132.55","      79762","     906541","         52.01"
"TCS","EQ","29-Jan-2020","       2183.75","       2185.00","       2186.95","       2150.00","       2154.00","       2154.60","       2164.12","    2306761","          4992115934.85","      88479","    1307797","         56.69"
"TCS","EQ","30-Jan-2020","       2154.60","       2160.00","       2165.00","       2125.00","       2134.65","       2137.85","       2140.26","    2098567","          4491487115.50","      88883","    1056509","         50.34"
"TCS","EQ","31-Jan-2020","       2137.85","       2139.40","       2144.35","       2071.60","       2082.40","       2079.05","       2098.15","    3287223","          6897092272.70","     131558","    2194449","         66.76"
"TCS","EQ","01-Feb-2020","       2079.05","       2079.50","       2180.70","       2063.60","       2167.50","       2164.85","       2129.70","    3319716","          7070007900.45","     112061","    1798795","         54.19"
"TCS","EQ","03-Feb-2020","       2164.85","       2152.00","       2194.70","       2093.20","       2110.00","       2102.50","       2136.37","    4728073","         10100912568.45","     194574","    2519349","         53.28"
"TCS","EQ","04-Feb-2020","       2102.50","       2129.00","       2136.70","       2086.60","       2111.95","       2107.75","       2111.28","    3509339","          7409207263.95","     130941","    1569247","         44.72"
"TCS","EQ","05-Feb-2020","       2107.75","       2115.00","       2156.70","       2104.30","       2147.50","       2146.55","       2136.16","    2439322","          5210791950.60","     132082","    1373557","         56.31"
"TCS","EQ","06-Feb-2020","       2146.55","       2145.00","       2174.20","       2115.50","       2129.45","       2128.35","       2146.02","    2640065","          5665630316.25","      97158","    1284341","         48.65"
"TCS","EQ","07-Feb-2020","       2128.35","       2139.00","       2151.00","       2119.00","       2138.00","       2136.55","       2131.41","    2083442","          4440665628.95","      73200","    1151799","         55.28"
"TCS","EQ","10-Feb-2020","       2136.55","       2140.90","       2167.00","       2119.00","       2153.10","       2161.95","       2149.90","    2383032","          5123271169.05","      88969","    1298489","         54.49"
"TCS","EQ","11-Feb-2020","       2161.95","       2163.00","       2174.80","       2147.60","       2152.70","       2153.40","       2157.68","    1335820","          2882266531.20","      76595","     606633","         45.41"
"TCS","EQ","12-Feb-2020","       2153.40","       2151.10","       2185.00","       2150.00","       2173.10","       2170.75","       2173.56","    1620407","          3522057735.30","      98406","     791500","         48.85"
"TCS","EQ","13-Feb-2020","       2170.75","       2172.95","       2197.00","       2171.00","       2191.00","       2191.95","       2186.71","    1645948","          3599206271.85","      73525","     886163","         53.84"
"TCS","EQ","14-Feb-2020","       2191.95","       2188.00","       2212.00","       2171.00","       2183.00","       2184.20","       2190.86","    1500115","          3286548193.50","     117257","     662963","         44.19"
"TCS","EQ","17-Feb-2020","       2184.20","       2196.95","       2217.00","       2190.20","       2202.05","       2203.25","       2204.55","    1774724","          3912463071.60","      81968","     868712","         48.95"
"TCS","EQ","18-Feb-2020","       2203.25","       2199.95","       2221.00","       2186.05","       2215.00","       2215.75","       2208.09","    2486223","          5489791841.65","      98311","    1511442","         60.79"
"TCS","EQ","19-Feb-2020","       2215.75","       2215.75","       2230.00","       2190.50","       2194.10","       2196.35","       2209.81","    1760463","          3890285125.40","      77338","    1061209","         60.28"
"TCS","EQ","20-Feb-2020","       2196.35","       2204.50","       2214.40","       2151.25","       2157.00","       2156.80","       2189.19","    2317278","          5072973393.60","     121407","    1447215","         62.45"
"TCS","EQ","24-Feb-2020","       2156.80","       2156.00","       2178.95","       2106.70","       2112.00","       2115.35","       2152.36","    3092877","          6656983182.25","     120347","    1871186","         60.50"
"TCS","EQ","25-Feb-2020","       2115.35","       2115.50","       2176.65","       2111.00","       2163.00","       2156.15","       2148.89","    2674567","          5747361446.90","     116295","    1382198","         51.68"
"TCS","EQ","26-Feb-2020","       2156.15","       2154.00","       2163.90","       2112.95","       2122.00","       2123.60","       2137.17","    2686842","          5742251457.30","     155115","    1586103","         59.03"
"TCS","EQ","27-Feb-2020","       2123.60","       2119.95","       2119.95","       2086.20","       2097.00","       2105.50","       2101.98","    2349001","          4937549661.85","     112336","    1244106","         52.96"
"TCS","EQ","28-Feb-2020","       2105.50","       2068.00","       2069.50","       1990.00","       2010.00","       2000.15","       2026.81","    4298076","          8711395573.55","     229475","    2304792","         53.62"
"TCS","EQ","02-Mar-2020","       2000.15","       2035.00","       2053.95","       1985.70","       2000.00","       2001.30","       2035.99","    2667076","          5430128654.20","     118184","    1243997","         46.64"
"TCS","EQ","03-Mar-2020","       2001.30","       2020.00","       2060.00","       2012.00","       2041.00","       2036.20","       2033.79","    2757585","          5608338598.55","     139234","    1397749","         50.69"
"TCS","EQ","04-Mar-2020","       2036.20","       2056.00","       2094.45","       2025.00","       2082.10","       2083.20","       2059.40","    3237002","          6666279934.95","     131156","    1497508","         46.26"
"TCS","EQ","05-Mar-2020","       2083.20","       2085.70","       2147.75","       2084.05","       2129.00","       2125.05","       2121.54","    3937056","          8352624017.20","     193693","    2287407","         58.10"
"TCS","EQ","06-Mar-2020","       2125.05","       2098.00","       2123.65","       2071.60","       2115.40","       2116.45","       2097.98","    2595027","          5444309389.50","     130651","    1250756","         48.20"
"TCS","EQ","09-Mar-2020","       2116.45","       2075.00","       2079.90","       1935.00","       1981.00","       1972.35","       1989.28","    4940982","          9829011647.95","     227592","    2739821","         55.45"
"TCS","EQ","11-Mar-2020","       1972.35","       1933.00","       1987.30","       1920.00","       1952.75","       1953.70","       1959.39","    6796752","         13317485489.40","     213057","    4563612","         67.14"
"TCS","EQ","12-Mar-2020","       1953.70","       1904.00","       1908.40","       1758.35","       1772.90","       1769.85","       1815.10","    8728972","         15843998582.65","     252037","    5822556","         66.70"
"TCS","EQ","13-Mar-2020","       1769.85","       1687.90","       1820.00","       1506.05","       1820.00","       1806.30","       1736.57","    8029725","         13944191600.15","     280631","    4008094","         49.92"
"TCS","EQ","16-Mar-2020","       1806.30","       1755.00","       1842.25","       1675.85","       1684.50","       1696.40","       1760.08","    7844420","         13806790037.55","     380004","    4974137","         63.41"
"TCS","EQ","17-Mar-2020","       1696.40","       1730.00","       1731.00","       1623.15","       1632.00","       1658.00","       1687.98","    5713269","          9643907647.00","     224133","    3892439","         68.13"
"TCS","EQ","18-Mar-2020","       1658.00","       1676.80","       1713.55","       1627.75","       1670.00","       1654.40","       1667.41","    7259111","         12103889122.00","     276794","    4565294","         62.89"
"TCS","EQ","19-Mar-2020","       1654.40","       1559.70","       1685.45","       1546.75","       1636.00","       1636.35","       1622.31","    5135162","          8330841286.10","     248319","    2515229","         48.98"
"TCS","EQ","20-Mar-2020","       1636.35","       1630.00","       1869.00","       1627.00","       1792.95","       1797.45","       1787.53","    8547645","         15279137654.05","     361688","    3868118","         45.25"
"TCS","EQ","23-Mar-2020","       1797.45","       1620.00","       1750.00","       1617.75","       1631.00","       1669.70","       1687.63","    7003558","         11819398271.45","     190709","    4237215","         60.50"
"TCS","EQ","24-Mar-2020","       1669.70","       1653.05","       1770.00","       1632.85","       1699.95","       1703.15","       1716.94","    6354209","         10909810045.20","     309791","    3520631","         55.41"
"TCS","EQ","25-Mar-2020","       1703.15","       1700.00","       1810.00","       1680.00","       1732.00","       1750.30","       1735.21","    2765527","          4798769889.40","     200205","    1152908","         41.69"
"TCS","EQ","26-Mar-2020","       1750.30","       1831.60","       1832.05","       1722.55","       1785.00","       1790.95","       1783.59","    4556071","          8126171884.00","     251428","    2650292","         58.17"
"TCS","EQ","27-Mar-2020","       1790.95","       1820.00","       1850.00","       1750.40","       1850.00","       1824.50","       1796.80","    4331310","          7782510210.50","     217336","    2319309","         53.55"
"TCS","EQ","30-Mar-2020","       1824.50","       1766.00","       1905.00","       1763.55","       1781.70","       1778.50","       1813.46","    8513608","         15439075101.80","     277606","    5214886","         61.25"
"TCS","EQ","31-Mar-2020","       1778.50","       1837.40","       1855.00","       1780.00","       1819.00","       1826.10","       1824.45","    3927593","          7165706825.15","     190774","    1752624","         44.62"
"TCS","EQ","01-Apr-2020","       1826.10","       1825.90","       1834.75","       1702.00","       1714.00","       1708.75","       1763.66","    4941898","          8715811596.15","     221364","    2619484","         53.01"
"TCS","EQ","03-Apr-2020","       1708.75","       1740.00","       1740.00","       1650.00","       1659.00","       1654.20","       1688.30","    5735529","          9683316717.35","     244588","    2453808","         42.78"
"TCS","EQ","07-Apr-2020","       1654.20","       1710.00","       1785.85","       1705.00","       1765.85","       1775.20","       1747.20","    5427965","          9483750315.95","     232534","    3020094","         55.64"
"TCS","EQ","08-Apr-2020","       1775.20","       1760.00","       1806.00","       1701.00","       1708.00","       1705.45","       1736.76","    6285616","         10916585385.25","     276600","    2533692","         40.31"
"TCS","EQ","09-Apr-2020","       1705.45","       1750.45","       1778.80","       1731.20","       1761.00","       1766.15","       1759.13","    5307649","          9336868535.45","     184889","    2682616","         50.54"
"TCS","EQ","13-Apr-2020","       1766.15","       1761.00","       1787.00","       1746.00","       1761.60","       1759.25","       1761.05","    2990478","          5266381662.60","     105582","    1242289","         41.54"
"TCS","EQ","15-Apr-2020","       1759.25","       1785.00","       1812.00","       1727.80","       1735.00","       1735.15","       1774.09","    4761401","          8447176543.00","     196087","    2136320","         44.87"
"TCS","EQ","16-Apr-2020","       1735.15","       1709.95","       1764.90","       1675.05","       1720.50","       1716.05","       1720.54","    6245583","         10745755665.25","     284814","    2110034","         33.78"
"TCS","EQ","17-Apr-2020","       1716.05","       1800.00","       1851.95","       1753.00","       1810.00","       1806.20","       1815.31","    9895825","         17964025727.10","     363192","    3217550","         32.51"
"TCS","EQ","20-Apr-2020","       1806.20","       1830.00","       1830.00","       1802.50","       1818.60","       1818.65","       1815.63","    3244293","          5890435540.80","     136285","    1407671","         43.39"
"TCS","EQ","21-Apr-2020","       1818.65","       1765.00","       1794.60","       1727.70","       1737.75","       1737.65","       1749.84","    5122606","          8963743508.55","     190349","    2457408","         47.97"
"TCS","EQ","22-Apr-2020","       1737.65","       1737.65","       1790.00","       1719.15","       1773.00","       1769.50","       1754.72","    3829839","          6720279557.60","     180947","    1518445","         39.65"
"TCS","EQ","23-Apr-2020","       1769.50","       1780.00","       1900.00","       1760.85","       1867.10","       1878.25","       1844.03","    5934424","         10943235329.50","     257398","    2087199","         35.17"
"TCS","EQ","24-Apr-2020","       1878.25","       1840.70","       1851.95","       1807.80","       1821.00","       1818.55","       1825.54","    2987150","          5453169062.40","     142967","    1103567","         36.94"
"TCS","EQ","27-Apr-2020","       1818.55","       1832.30","       1875.00","       1825.00","       1834.00","       1836.60","       1853.60","    3374747","          6255422140.55","     140822","    1333349","         39.51"
